{
    "wavelength_max": [
        1439.279,
        1469.122,
        1495.204
    ],
    "trace_max": [
        -73.029,
        -71.88600000000001,
        -72.36099999999999
    ]
}